SITE,STATION,USE,CAUSE,11-DIG HUC,BASIN,priority
S TYGER RVR AT S-42-63,B-005,REC,FC,03050107010,BROAD,3
SOUTH TYGER RIVER AT S-42-242,B-005A,AL,BIO,03050107010,BROAD,2
TYGER RVR AT S-42-50 E. WOODRUFF,B-008,REC,FC,03050107050,BROAD,2
JIMMIES CK AT S-42-201 2 MI E OF WOODRUFF,B-019,REC,FC,03050107050,BROAD,2
FAIRFOREST CK AT US 221 S OF SPARTANBURG,B-020,REC,FC,03050107060,BROAD,2
,B-021,AL,ZN,,BROAD,1
,B-021,AL,BIO,,BROAD,1
N PACOLET RVR AT S-42-956 6.5 MI E LANDRUM,B-026,REC,FC,03050105155,BROAD,3
PACOLET RVR AT S-42-55 BL JCT OF N & S PACOLET R,B-028,REC,FC,03050105170,BROAD,3
DURBIN CK ON S-23-160 3 MI E OF SIMPSONVILLE,B-035,REC,FC,03050108010,BROAD,2
ENOREE RVR AT S-42-118 SW OF WOODRUFF,B-037,REC,FC,03050108010,BROAD,2
LICK CK AT S-42-118 1 1/4 MI SW WOODRUFF,B-038,REC,FC,03050108010,BROAD,2
BROAD RVR AT SC 18 4 MI NE GAFFNEY,B-042,REC,FC,03050105094,BROAD,2
,B-044,AL,CR,,BROAD,1
,B-044,AL,CU,,BROAD,1
,B-044,AL,ZN,,BROAD,1
BROAD RVR AT SC 72/215/121 3 MI E OF CARLISLE,B-046,REC,FC,03050106010,BROAD,3
"ENOREE RVR AT SC 72, 121, & US 176, 1 MI NE WHITMIRE",B-053,REC,FC,03050108020,BROAD,2
ENOREE RVR AT S-36-45 3.5 MI AB JCT WITH BROAD RVR,B-054,REC,FC,03050108050,BROAD,3
CHEROKEE CK AT US 29 3 MI E OF GAFFNEY,B-056,REC,FC,03050105110,BROAD,3
BUFFALO CK AT SC 5 1 MI W OF BLACKSBURG,B-057,AL,CU,03050105109,BROAD,2
IRENE CK AT S-11-307 2.5 MI W OF GAFFNEY,B-059,REC,FC,03050105130,BROAD,2
THICKETTY CK AT SC 211 2 MI AB JCT WITH BROAD RVR,B-062,REC,FC,03050105130,BROAD,2
MENG CK AT SC 49 2.5 MI E OF UNION,B-064,REC,FC,03050106030,BROAD,2
TOSCHS CK AT US 176 2 MI SW OF UNION,B-067A,REC,FC,03050107060,BROAD,2
TOSCHS CK AT RD TO SEWAGE PT OFF HWY S-44-92 SW OF UNION,B-067B,REC,FC,03050107060,BROAD,2
DUNCAN CK AT US 176 1.5 MI SE OF WHITMIRE,B-072,REC,FC,03050108043,BROAD,3
,B-074,AL,SED,,BROAD,1
,B-074,REC,FC,,BROAD,1
SANDY RVR AT SC 215 2.5 MI AB JCT WITH BROAD RVR,B-075,REC,FC,03050106040,BROAD,3
WINNSBORO BR BELOW PLANT OUTFALL,B-077,REC,FC,03050106080,BROAD,2
BROAD RIVER DIVERSION CANAL AT COLA WATER PLANT,B-080,AL,CU,03050106060,BROAD,2
CRANE CREEK AT US 321,B-081,AL,BIO,03050106060,BROAD,2
ROSS BR TO TURKEY CK AT SC 49 SW OF YORK,B-086,REC,FC,03050106020,BROAD,2
CANOE CK AT S-11-245 1/2 MI W OF BLACKSBURG,B-088,REC,FC,03050105094,BROAD,3
THICKETTY CREEK AT S-11-164,B-095,REC,FC,03050105130,BROAD,2
DURBIN CREEK AT SC 418,B-097,REC,FC,03050108010,BROAD,3
FURNACE CK AT S-11-50 6 MI E OF GAFFNEY,B-100,REC,FC,03050105094,BROAD,2
,B-102,AL,BIO,,BROAD,1
,B-102,AL,CR,,BROAD,1
,B-102,AL,CU,,BROAD,1
SPIVEY CK AT S-42-208 2.5 MI SSE OF LANDRUM,B-103,REC,FC,03050105160,BROAD,2
"BUFFALO CREEK AT S-11-213, 2.2 MI NNW OF BLACKSBURG",B-119,REC,FC,03050105109,BROAD,2
WINNSBORO BR AT US 321,B-123,REC,FC,03050106080,BROAD,2
"N PACOLET RVR AT S-42-978, 1 MI SE OF FINGERVILLE",B-126,REC,FC,03050105155,BROAD,3
LIMESTONE CK AT S-11-301,B-128,REC,FC,03050105130,BROAD,2
THICKETTY CK AT SC 18 8.3 MI S OF GAFFNEY,B-133,REC,FC,03050105130,BROAD,2
LITTLE RVR AT S-20-60 3.1 MI SW OF JENKINSVILLE,B-145,REC,FC,03050106070,BROAD,2
MIDDLE TYGER RVR AT SC 14 2 MI SSW GOWANSVILLE,B-148,REC,FC,03050107040,BROAD,2
"WARRIOR CK AT US 221, 8 MI NNE OF LAURENS",B-150,REC,FC,03050108030,BROAD,2
BULLOCK CK AT SC 97 4.8 MI S OF HICKORY GROVE,B-159,REC,FC,03050105142,BROAD,2
NORTH TYGER RVR AT US 221 7.6 MI NNE OF WOODRUFF,B-162,REC,FC,03050107030,BROAD,2
PACOLET RVR AT BRDG ON S-42-737 2.9 MI NW OF COWPENS,B-163A,REC,FC,03050105170,BROAD,3
MOUNTAIN CK AT S-23-335,B-186,REC,FC,03050108010,BROAD,2
POTTER BR ON RD 30 BL OUTFALL FROM HOUSING PROJ COWPENS,B-191,REC,FC,03050105170,BROAD,3
,B-192,REC,FC,,BROAD,1
,B-192,AL,PH,,BROAD,1
,B-192,AL,ZN,,BROAD,1
MITCHELL CK AT CO RD 233 2.3 MI SSW OF JONESVILLE,B-199,REC,FC,03050107060,BROAD,2
PEOPLES CK AT UNIMPROVED RD 2.3 MI E OF GAFFNEY,B-211,REC,FC,03050105094,BROAD,2
,B-219,REC,FC,,BROAD,1
,B-219,AL,ZN,,BROAD,1
,B-221,AL,BIO,,BROAD,1
,B-221,REC,FC,,BROAD,1
,B-231,REC,FC,,BROAD,1
,B-231,AL,DO,,BROAD,1
KELSEY CK AT S-42-321,B-235,REC,FC,03050107060,BROAD,2
BROAD RVR AT SC 213 2.5 MI SW OF JENKINSVILLE,B-236,AL,PEST,03050106060,BROAD,2
GILDER CK AT S-23-142 2.75 MI ENE OF MAULDIN,B-241,REC,FC,03050108010,BROAD,2
TRIB TO MENG CK AT CLVT ON S-44-384 3 MI E OF UNION,B-243,REC,FC,03050106030,BROAD,2
"BEAVERDAM CK AT S-30-97, 7 MI NE OF GRAY COURT",B-246,REC,FC,03050108030,BROAD,2
LITTLE BUCK CK AT UN# CO RD 2.3 MI SW OF CHESNEE,B-259,REC,FC,03050105170,BROAD,3
S TYGER RVR AT SC 290 3.7 MI E OF GREER,B-263,REC,FC,03050107010,BROAD,3
LAWSONS FORK CK AT S-42-218 2.7 MI SSE OF INMAN,B-277,REC,FC,03050105180,BROAD,2
LAWSONS FORK CK AT UN# RD ,B-278,REC,FC,03050105180,BROAD,2
,B-280,AL,BIO,,BROAD,1
,B-280,REC,FC,,BROAD,1
TINKER CK AT UN# CO RD 1.7 MI SSE OF UNION,B-287,REC,FC,03050107060,BROAD,2
PAGE CK AT S-42-1258 1.7 MI SE LANDRUM,B-301,REC,FC,03050105155,BROAD,2
S PACOLET RVR AT S-42-866 1 MI SE CAMPOBELLO,B-302,REC,FC,03050105160,BROAD,2
TRIB TO N TYGER RVR AT UN# RD ,B-315,REC,FC,03050107020,BROAD,2
,B-316,AL,CU,,BROAD,1
,B-316,AL,ZN,,BROAD,1
CRANE CK AT S-40-43 UNDER I-20 - N COLA,B-316,REC,FC,03050106060,BROAD,3
MUSH CK AT SC 253 BL TIGERVILLE,B-317,REC,FC,03050107010,BROAD,2
BIG CEDAR CK AT SC 215,B-320,REC,FC,03050106090,BROAD,2
,B-321,AL,ZN,,BROAD,1
,B-321,AL,CU,,BROAD,1
,B-321,AL,CR,,BROAD,1
,B-321,REC,FC,,BROAD,1
DOOLITTLE CK AT S-11-100 1.25 MI SE OF BLACKSBURG,B-323,REC,FC,03050105094,BROAD,2
CLARK FORK INTO CRAWFORD LK ON UN# RD NEAR SC 161 & 705-KINGS MT,B-325,REC,FC,03050105142,BROAD,2
GUYONMOORE CREEK AT S-46-233,B-330,REC,FC,03050105094,BROAD,2
"PACOLET RVR AT S-42-59, BEACON LIGHT ROAD IN CLIFTON",B-331,REC,FC,03050105170,BROAD,3
"KINGS CREEK AT S-11-209, 3 MI W OF SMYRNA",B-333,REC,FC,03050105122,BROAD,2
"GILKEY CK AT S-11-231, 9 MI SE OF GAFFNEY",B-334,REC,FC,03050105130,BROAD,2
"TINKER CK AT S-44-278, 9 MI SSE OF UNION",B-336,REC,FC,03050107060,BROAD,2
"MILL CK AT S-20-48, 10 MI SW OF WINNSBORO",B-338,REC,FC,03050106080,BROAD,2
,BE-001,REC,FC,,BROAD,1
,BE-001,AL,ZN,,BROAD,1
ROCKY CK AT BRDG IN BATESVILLE 1 MI AB JCT WITH ENOREE,BE-007,REC,FC,03050108010,BROAD,2
BRUSHY CK AT S-23-164,BE-009,REC,FC,03050108010,BROAD,2
"ENOREE RVR AT SC 296, 7.5 MI NE OF MAULDIN",BE-017,AL,CU,03050108010,BROAD,2
ENOREE RVR AT SC 418,BE-019,AL,BIO,03050108010,BROAD,2
GILDER CK AT S-23-143 1/4 MI AB JCT WITH ENOREE RVR,BE-020,REC,FC,03050108010,BROAD,2
ENOREE RVR AT US 221,BE-024,REC,FC,03050108020,BROAD,2
BRUSHY CK AT HOWELL RD (UN#) APPROX 5 MI NE OF GREENVILLE,BE-035,REC,FC,03050108010,BROAD,2
BEAVERDAM CK AT RD 1967,BE-039,REC,FC,03050108010,BROAD,2
GILDER CK AT SC 14-AB GILDERS CK PT,BE-040,REC,FC,03050108010,BROAD,2
,BL-001,AL,BIO,,BROAD,1
,BL-001,REC,FC,,BROAD,1
LAWSONS FORK CK AT S-42-79 AT VALLEY FALLS,BL-005,REC,FC,03050105180,BROAD,2
PACOLET RVR AB DAM ,BP-001,REC,FC,03050105190,BROAD,2
GILLS CK AT BRDG ON US 76 (GARNERS FERRY ROAD),C-001,REC,FC,03050110030,SALUDA,2
CONGAREE CK AT US 21 AT CAYCE WATER INTAKE,C-008,REC,FC,03050110020,SALUDA,2
GILLS CK AT SC 48 (BLUFF ROAD),C-017,REC,FC,03050110030,SALUDA,2
MILL CK AT SC 262,C-021,REC,FC,03050110010,SALUDA,2
LK CAROLINE SPILLWAY,C-025,REC,FC,03050110020,SALUDA,2
LK INSPIRATION - ST MATTHEWS (FRONT OF HEALTH DEPT),C-058,AL,DO,03050111020,SANTEE,2
SAVANA BR AT S-32-72 1.7 MI NNW OF S CONGAREE,C-061,REC,FC,03050110020,SALUDA,3
HALFWAY SWP CK AT S-09-43 3 MI E OF ST MATTHEWS,C-063,REC,FC,03050111020,SANTEE,2
,CL-021,AL,TP,,SANTEE,1
,CL-021,AL,PH,,SANTEE,1
,CL-064,AL,TP,,SANTEE,1
,CL-064,AL,PH,,SANTEE,1
"LK WATEREE, WATEREE CK ARM",CL-091,AL,TP,03050104010,CATAWBA,2
CONGAREE RVR AT BLOSSOM ST (BROAD RIVER),CSB-001R,REC,FC,03050110010,SALUDA,2
TURKEY CK 1 MI BL MILLIKEN BARNWELL OUTFALL AT CLINTON ST.,CSTL-001B,REC,FC,03050207020,SALKEHATCHIE,3
SALKEHATCHIE RVR AT SC 278 2.5 MI S BARNWELL,CSTL-003,REC,FC,03050207030,SALKEHATCHIE,2
SALKEHATCHIE RVR AT SC 278 2.5 MI S BARNWELL,CSTL-003,AL,CU,03050207030,SALKEHATCHIE,3
SANDERS BR AT SC 278,CSTL-010,REC,FC,03050208070,SALKEHATCHIE,2
SANDERS BR AT S-25-50,CSTL-011,AL,DO,03050208070,SALKEHATCHIE,3
SANDERS BR AT S-25-50,CSTL-011,AL,BIO,03050208070,SALKEHATCHIE,2
,CSTL-013,REC,FC,,SALKEHATCHIE,1
,CSTL-013,AL,DO,,SALKEHATCHIE,1
SALKEHATCHIE RVR AT SC 64 2 MI W OF BARNWELL,CSTL-028,AL,CU,03050207010,SALKEHATCHIE,2
,CSTL-043,REC,FC,,SALKEHATCHIE,1
,CSTL-043,AL,DO,,SALKEHATCHIE,1
IRELAND CK AT S-15-116 5 1/2 MI N OF WALTERBORO,CSTL-044,REC,FC,03050208020,SALKEHATCHIE,2
SALKEHATCHIE RIVER AT U.S. 301 & 321,CSTL-048,REC,FC,03050207030,SALKEHATCHIE,2
WASSAMASSAW SWP AT US 176,CSTL-063,REC,FC,03050202010,SANTEE,2
HORSESHOE CK AT SC 64,CSTL-071,REC,FC,03050208030,SALKEHATCHIE,2
"LK WARREN, BLACK CK ARM, AT S-25-41 5 MI SW OF HAMPTON",CSTL-075,AL,DO,03050208060,SALKEHATCHIE,2
WHIPPY SWAMP AT S-25-13,CSTL-076,REC,FC,03050207050,SALKEHATCHIE,2
CYPRESS SWAMP AT US 78,CSTL-078,AL,ZN,03050202010,SANTEE,2
DIVERSION CANAL AT SC 45 12.6 MI W OF ST STEPHENS,CSTL-079,AL,CU,03050111010,SANTEE,2
EAGLE CK AT SC 642 5 MI SSE OF SUMMERVILLE,CSTL-099,REC,FC,03050202030,SANTEE,2
ASHLEY RVR AT SC 165,CSTL-102,REC,FC,03050202020,SANTEE,3
SALKEHATCHIE RIVER AT SC 63,CSTL-104,REC,FC,03050207040,SALKEHATCHIE,2
SANDERS BRANCH AT SC RD 363,CSTL-108,REC,FC,03050208070,SALKEHATCHIE,2
COOSAWHATCHIE RVR AT S-25-27 2.5 MI SW CUMMINGS,CSTL-109,AL,DO,03050208070,SALKEHATCHIE,3
COOSAWHATCHIE RVR AT S-03-47,CSTL-110,AL,DO,03050208050,SALKEHATCHIE,2
COMBAHEE RVR BL YEMASSEE OUTFALL,CSTL-111,AL,DO,03050208010,SALKEHATCHIE,2
WADBOO SWP AT SC 402,CSTL-113,REC,FC,03050201020,SANTEE,3
LITTLE SALKEHATCHIE RIVER AT U.S. 601,CSTL-115,REC,FC,03050207060,SALKEHATCHIE,2
LEMON CREEK AT S-05-541,CSTL-116,REC,FC,03050207070,SALKEHATCHIE,2
LITTLE SALKEHATCHIE RIVER AT SC 64,CSTL-117,REC,FC,03050207080,SALKEHATCHIE,2
WILLOW SWAMP AT S-15-27,CSTL-118,REC,FC,03050207100,SALKEHATCHIE,2
BUCKHEAD CREEK AT SC 212,CSTL-119,REC,FC,03050207090,SALKEHATCHIE,2
LITTLE SALKEHATCHIE RIVER AT SC 63,CSTL-120,REC,FC,03050207110,SALKEHATCHIE,2
,CSTL-121,AL,DO,,SALKEHATCHIE,1
,CSTL-121,REC,FC,,SALKEHATCHIE,1
CYPRESS CREEK AT S-27-108,CSTL-122,REC,FC,03050208080,SALKEHATCHIE,2
CHESSEY CREEK AT S-15-45,CSTL-580,AL,BIO,03050208030,SALKEHATCHIE,2
FULLER SWAMP CREEK AT US 17A,CSTL-581,AL,BIO,03050208030,SALKEHATCHIE,2
REMICK SWAMP CREEK AT S-15-41,CSTL-584,AL,BIO,03050208010,SALKEHATCHIE,2
ROCKY CK AT S-12-335 3.5 MI E OF CHESTER,CW-002,REC,FC,03050103090,CATAWBA,2
FISHING CK AT S-46-347 ,CW-005,REC,FC,03050103050,CATAWBA,2
WILDCAT CK AT S-46-650,CW-006,REC,FC,03050103060,CATAWBA,2
STEELE CK AT S-46-22 N OF FORT MILL,CW-009,REC,FC,03050103028,CATAWBA,2
SUGAR CK AT SC 160 E OF FORT MILL,CW-013,AL,ZN,03050103028,CATAWBA,2
WATEREE RVR AT US 1,CW-019,AL,DO,03050104030,CATAWBA,2
"BIG PINE TREE CK AT US 521, NW BRIDGE",CW-021,REC,FC,03050104070,CATAWBA,3
CROWDERS CK AT S-46-564 NE CLOVER,CW-023,REC,FC,03050101190,CATAWBA,2
CROWDERS CREEK AT S-46-1104,CW-024,REC,FC,03050101190,CATAWBA,2
FISHING CK AT SC 49 NE YORK,CW-029,REC,FC,03050103050,CATAWBA,2
CEDAR CK RESERVOIR,CW-033,AL,TP,03050103010,CATAWBA,2
LITTLE WATEREE CK AT S-20-41 5 MI E OF WINNSBORO,CW-040,REC,FC,03050104010,CATAWBA,2
GILLS CK AT US 521 NNW OF LANCASTER,CW-047,REC,FC,03050103042,CATAWBA,2
FISHING CK RESERVOIR,CW-057,AL,TP,03050103010,CATAWBA,2
MCALPINE CK AT S-29-64,CW-064,AL,BIO,03050103028,CATAWBA,2
MCALPINE CK AT S-29-64,CW-064,REC,FC,03050103028,CATAWBA,3
BIG WATEREE CK AT US 21,CW-072,REC,FC,03050104020,CATAWBA,2
SAWNEYS CK AT S-28-37,CW-079,REC,FC,03050104050,CATAWBA,2
TWENTYFIVE MILE CK AT S-28-05 3.7 MI W OF CAMDEN,CW-080,REC,FC,03050104060,CATAWBA,3
TWELVEMILE CREEK AT S-29-55 0.3 MI NW OF VAN WYCK,CW-083,REC,FC,03050103038,CATAWBA,2
,CW-088,AL,DO,,CATAWBA,1
,CW-088,REC,FC,,CATAWBA,1
BROWN CK AT UNIMP RD 1.2 MI N OF CLOVER,CW-105,REC,FC,03050101190,CATAWBA,2
BEAR CK AT S-29-292 1.6 MI W OF LANCASTER,CW-131,REC,FC,03050103042,CATAWBA,2
CALABASH BR AT S-46-414 2.5 MI SE OF CLOVER,CW-134,REC,FC,03050101200,CATAWBA,3
WAXHAW CK AT S-29-29,CW-145,REC,FC,03050103038,CATAWBA,3
BEAR CK AT S-29-362 3.5 MI SE OF LANCASTER,CW-151,REC,FC,03050103042,CATAWBA,2
BEAVERDAM CK AT S-46-152 8 MI E OF CLOVER,CW-153,REC,FC,03050101190,CATAWBA,3
SPEARS CK AT US 601,CW-166,REC,FC,03050104090,CATAWBA,2
ALLISON CK AT US 321 3.1 MI S OF CLOVER,CW-171,REC,FC,03050101200,CATAWBA,2
CATAWBA RVR AT UNIMP RD AB JCT WITH ROCKY CK,CW-174,AL,DO,03050103010,CATAWBA,2
ROCKY CK AT S-12-141 SE OF GREAT FALLS,CW-175,REC,FC,03050103090,CATAWBA,2
SIXMILE CREEK AT S-29-54,CW-176,REC,FC,03050103038,CATAWBA,2
CANE CK AT SC 200 5 MI NNE OF LANCASTER,CW-185,REC,FC,03050103042,CATAWBA,2
SOUTH FORK CROWDERS CK AT S-46-79 4.5 MI NW OF CLOVER,CW-192,REC,FC,03050101190,CATAWBA,2
LK WYLIE AB MILL CK ARM AT END OF S-46-557,CW-197,AL,CU,03050101190,CATAWBA,2
,CW-207,AL,SED,,CATAWBA,1
,CW-207,AL,TP,,CATAWBA,1
,CW-207,AL,CU,,CATAWBA,1
,CW-208,AL,CU,,CATAWBA,1
,CW-208,AL,TP,,CATAWBA,1
LK WATEREE ,CW-209,AL,TP,03050104010,CATAWBA,2
TOOLS FORK AT S-46-195 7 MI NW OF ROCK HILL,CW-212,REC,FC,03050103060,CATAWBA,2
WATEREE RVR AT I-20,CW-214,AL,DO,03050104030,CATAWBA,2
UNNAMED TRIB TO CATAWBA RVR AT HWY 161 0.4 MI W OF I-77,CW-221,REC,FC,03050103010,CATAWBA,3
LITTLE PINE TREE CREEK AT S-28-132,CW-223,REC,FC,03050104070,CATAWBA,2
FISHING CREEK AT S-46-163,CW-224,REC,FC,03050103060,CATAWBA,2
FISHING CREEK AT S-46-503,CW-225,REC,FC,03050103050,CATAWBA,2
SAWNEYS CK AT S-20-151,CW-228,REC,FC,03050104050,CATAWBA,2
BEAR CK AT S-40-82,CW-229,REC,FC,03050104060,CATAWBA,2
,CW-232,AL,CR,,CATAWBA,1
,CW-232,REC,FC,,CATAWBA,1
,CW-232,AL,DO,,CATAWBA,1
FISHING CREEK AT S-12-77,CW-233,REC,FC,03050103060,CATAWBA,2
TINKERS CK AT S-12-599,CW-234,REC,FC,03050103070,CATAWBA,2
CAMP CK AT SC 97,CW-235,REC,FC,03050103080,CATAWBA,2
ROCKY CK AT S-12-138,CW-236,REC,FC,03050103090,CATAWBA,2
UNNAMED TRIB TO HALFWAY SWAMP CK AT S-09-158,CW-242,REC,FC,03050111020,CATAWBA,2
BIG BRANCH AT S-14-41,CW-243,REC,FC,03050111030,CATAWBA,2
JACKS CK AT S-14-76,CW-244,REC,FC,03050111030,CATAWBA,2
SUGAR CK US OF CONFLUENCE W/ MCALPINE CK,CW-246,REC,FC,03050103028,CATAWBA,3
SUGAR CK US OF CONFLUENCE W/ MCALPINE CK,CW-246,AL,BIO,03050103028,CATAWBA,2
UNNAMED CK ADJACENT TO WTR PLT AT JOHNSTON AT S-19-41,E-001,REC,FC,03050204010,EDISTO,2
EDISTO RVR AT US 15 S OF ST GEORGE,E-014,REC,FC,03050205030,EDISTO,2
POLK SWP AT UNIMP RD S-18-180 2 MI S OF ST GEORGE,E-016,REC,FC,03050205040,EDISTO,2
GRAMLING CK AT CLVT ON SC 33 2 MI E OF ORANGEBURG,E-022,REC,FC,03050206010,EDISTO,3
DEAN SWAMP AT US 176,E-030,REC,FC,03050206060,EDISTO,2
BULL SWP CK AT CLVT ON UNIMP RD 1.1 MI NW OF SWANSEA,E-034,REC,FC,03050203050,EDISTO,2
ROBERTS SWAMP AT SC 332,E-039,REC,FC,03050204070,EDISTO,2
COW CASTLE CK AT S-38-170,E-050,REC,FC,03050206030,EDISTO,3
PROVIDENCE SWP AT E FRONTAGE RD TO I-95 NW OF HOLLY HILL,E-051,REC,FC,03050206050,EDISTO,2
HORSE RANGE SWAMP AT US 176,E-052,REC,FC,03050206055,EDISTO,2
FOUR HOLE SWP AT S-38-50 5.2 MI SE OF CAMERON,E-059,REC,FC,03050206010,EDISTO,2
LITTLE BULL CREEK AT SC 33,E-076,REC,FC,03050206010,EDISTO,2
CHINQUAPIN CREEK AT SC 391 5.5 MI S BATESBURG,E-091,REC,FC,03050203010,EDISTO,3
LIGHTWOOD KNOT CK OFF S-32-77 AT BATESBURG WATER INTAKE,E-101,REC,FC,03050203010,EDISTO,2
CAW CAW SWAMP AT S-38-1032 ,E-105,REC,FC,03050203070,EDISTO,2
CATTLE CK AT S-18-19,E-108,REC,FC,03050205020,EDISTO,2
POLK SWAMP AT S-18-19,E-109,REC,FC,03050205040,EDISTO,2
BEAUFORT RVR AB BEAUFORT AT CHANNEL MARKER 231,MD-001,AL,DO,03050208100,SALKEHATCHIE,2
BEAUFORT RVR AT DRAWBRDG ON US 21,MD-002,AL,DO,03050208100,SALKEHATCHIE,2
,MD-002,AL,DO,,SALKEHATCHIE,1
,MD-003,AL,CU,,SALKEHATCHIE,1
BEAUFORT RVR AT JCT WITH BATTERY CK NR MARKER 42,MD-004,AL,DO,03050208100,SALKEHATCHIE,2
POCOTALIGO RVR AT US 17 AT POCOTALIGO,MD-007,REC,FC,03050208090,SALKEHATCHIE,2
MOUTH OF SKULL CK BTWN CHAN MARKERS 3 & 4 NEAR REDBO,MD-013,AL,DO,03050208110,SALKEHATCHIE,2
MOUTH OF ELLIOTT CUT AT EDGE WTR DR (S-10-26 OFF HW 17),MD-025,REC,FC,03050202050,SANTEE,2
STONO RVR AT SC 700,MD-026,AL,CU,03050202070,SANTEE,2
GOOSE CK AT S-08-136 BRIDGE,MD-039,REC,FC,03050201070,SANTEE,2
COOPER RVR AB MOUTH OF SHIPYD CK AT CHANNEL BUOY 49,MD-045,REC,FC,03050201050,SANTEE,3
TOWN CK (W SIDE OF DRUM ISL) UNDER GRACE MEMORIAL BRDG,MD-047,REC,FC,03050201050,SANTEE,3
ASHLEY RVR AT MAGNOLIA GARDENS,MD-049,AL,DO,03050202040,SANTEE,2
ASHLEY RVR AT MAGNOLIA GARDENS,MD-049,REC,FC,03050202040,SANTEE,3
ASHLEY RVR AT SALRR BRDG,MD-052,REC,FC,03050202040,SANTEE,2
SHEM CK AT BRDG ON US 17,MD-071,REC,FC,03050202070,SANTEE,2
TURKEY CK S-22-42 SW OF GEORGETOWN,MD-076N,REC,FC,03040207040,PEE DEE,2
WINYAH BAY AT JCT OF PEE DEE & WACCAMAW AT MARKER 92,MD-080,AL,ZN,03040207050,PEE DEE,2
,MD-085,AL,PH,,PEE DEE,1
,MD-085,AL,DO,,PEE DEE,1
,MD-085,REC,FC,,PEE DEE,1
,MD-087,AL,ZN,,PEE DEE,1
,MD-087,AL,PH,,PEE DEE,1
,MD-087,AL,DO,,PEE DEE,1
,MD-087,REC,FC,,PEE DEE,1
,MD-088,REC,FC,,PEE DEE,1
,MD-088,AL,PH,,PEE DEE,1
,MD-088,AL,DO,,PEE DEE,1
,MD-089,AL,PH,,PEE DEE,1
,MD-089,AL,DO,,PEE DEE,1
,MD-089,REC,FC,,PEE DEE,1
,MD-091,AL,DO,,PEE DEE,1
,MD-091,REC,FC,,PEE DEE,1
KINGSTON LK NR PUMP STA ON LAKESIDE DR CONWAY,MD-107,REC,FC,03040206120,PEE DEE,3
KINGSTON LK NR PUMP STA ON LAKESIDE DR CONWAY,MD-107,AL,DO,03040206120,PEE DEE,2
WACCAMAW RVR AT US 501 BY PASS AROUND CONWAY,MD-110,AL,DO,03040206140,PEE DEE,2
WACCAMAW RVR AT COX'S FERRY ON S-26-110,MD-111,AL,DO,03040206140,PEE DEE,2
GOOSE CK RESERVOIR AT CHTN WTR INTAKE,MD-113,AL,DO,03050201070,SANTEE,2
,MD-114,AL,PH,,SANTEE,1
,MD-114,AL,DO,,SANTEE,1
,MD-114,REC,FC,,SANTEE,1
WANDO RVR AT SC 41,MD-115,AL,CU,03050201080,SANTEE,2
NEW RVR AT SC 170 9 MI W OF BLUFFTON,MD-118,REC,FC,03050208130,SALKEHATCHIE,2
LOG BRIDGE CK AT SC 162,MD-121,REC,FC,03050202050,SANTEE,2
,MD-125,REC,FC,,SANTEE,1
,MD-125,AL,DO,,SANTEE,1
,MD-127,AL,DO,,SANTEE,1
,MD-127,AL,PH,,SANTEE,1
,MD-128,AL,DO,,SANTEE,1
,MD-128,REC,FC,,SANTEE,1
GREAT SWAMP AT U.S. 17,MD-129,REC,FC,03050208120,SALKEHATCHIE,2
ASHLEY RVR AT SC 7 (N BRDG),MD-135,AL,DO,03050202040,SANTEE,2
WACCAMAW RVR 1/4 MI UPSTRM OF JCT WITH ICWW,MD-136,AL,DO,03040206140,PEE DEE,2
WACCAMAW RVR NR MOUTH OF BULL CK AT MARKER 50,MD-137,AL,DO,03040206140,PEE DEE,2
WACCAMAW RVR & ICWW 1 MI BL JCT-AT BUCKSPORT LANDING,MD-146,AL,DO,03040206140,PEE DEE,2
,MD-158,AL,DO,,PEE DEE,1
,MD-158,REC,FC,,PEE DEE,1
,MD-162,AL,PH,,PEE DEE,1
,MD-162,REC,FC,,PEE DEE,1
"COOSAW RVR AT CONFL OF COMBAHEE RVR, NEAR BUOY 186",MD-168,AL,ZN,03050208100,SALKEHATCHIE,2
BROAD CK OPPOSITE END OF S-O7-80,MD-174,AL,DO,03050208110,SALKEHATCHIE,2
JEREMY CK NEAR BOAT LANDING AT MCCLELLANVILLE TOWN HL,MD-203,REC,FC,03050202060,SANTEE,2
BOHICKET CK MOUTH @ N EDISTO RVR,MD-210,AL,DO,03050205070,EDISTO,2
FOSTER CREEK AT CHARLESTON CPW WATER INTAKE,MD-240,REC,FC,03050201060,SANTEE,2
MECHAW CK AT SC RT 45,MD-241,REC,FC,03050112050,SANTEE,2
,MD-242,AL,DO,,SANTEE,1
,MD-242,REC,FC,,SANTEE,1
,MD-243,AL,SED,,SANTEE,1
,MD-243,AL,TIS,,SANTEE,1
CHURCH CK MOUTH,MD-246,REC,FC,03050202040,SANTEE,3
COOPER RIVER AT MARK CLARK BRIDGE (I-526),MD-248,REC,FC,03050201050,SANTEE,3
"FILBIN CREEK AT VIRGINIA AVE, NORTH CHARLESTON",MD-249,REC,FC,03050201050,SANTEE,2
AWENDAW CREEK AT US 17,MD-250,REC,FC,03050202060,SANTEE,2
TODD'S BR AT S-29-564 1.5 MI NE OF KERSHAW,PD-005,REC,FC,03040202070,PEE DEE,2
LITTLE LYNCHES RVR AT US 601 2 MI NE KERSHAW,PD-006,REC,FC,03040202070,PEE DEE,3
BLACK CK AT S-16-18 1 MI NNE HARTSVILLE,PD-021,REC,FC,03040201110,PEE DEE,2
MAPLE SWP AT SC 57,PD-030,REC,FC,03040204038,PEE DEE,2
BUCK SWP AT S-17-33,PD-031,REC,FC,03040204050,PEE DEE,3
BUCK SWP AT S-17-33,PD-031,AL,DO,03040204050,PEE DEE,2
BROWN SWP AT S-34-31,PD-037,REC,FC,03040204070,PEE DEE,3
TURKEY CREEK AT US 521,PD-040,REC,FC,03040205080,PEE DEE,2
,PD-052,AL,CU,,PEE DEE,1
,PD-052,AL,ZN,,PEE DEE,1
"GULLEY BR AT S-21-13, TIMROD PARK",PD-065,REC,FC,03040201130,PEE DEE,2
"GULLEY BR AT S-21-13, TIMROD PARK",PD-065,AL,CU,03040201130,PEE DEE,3
FORK CK AT SC 151,PD-067,REC,FC,03040202050,PEE DEE,2
"FORK CK AT S-13-770, 1.5 MI SW JEFFERSON",PD-068,AL,BIO,03040202050,PEE DEE,2
"FORK CK AT S-13-770, 1.5 MI SW JEFFERSON",PD-068,AL,CU,03040202050,PEE DEE,3
PEE DEE RVR AT US 378,PD-076,AL,CU,03040201140,PEE DEE,2
TURKEY CK AT LIBERTY ST IN SUMTER ,PD-098,REC,FC,03040205080,PEE DEE,2
"LITTLE LYNCHES RIVER AT SC 341, 4 MI SE KERSHAW",PD-109,REC,FC,03040202080,PEE DEE,2
COUSAR BR 1/4 MI BELOW BISHOPVILLE FINISHING CO,PD-112,REC,FC,03040202090,PEE DEE,2
LYNCHES RVR AT SC 9 W OF PAGELAND,PD-113,REC,FC,03040202030,PEE DEE,3
LYNCHES RVR AT SC 9 W OF PAGELAND,PD-113,AL,CU,03040202030,PEE DEE,2
,PD-137,REC,FC,,PEE DEE,1
,PD-137,AL,PH,,PEE DEE,1
,PD-141,REC,FC,,PEE DEE,1
,PD-141,AL,DO,,PEE DEE,1
,PD-167,AL,PH,,PEE DEE,1
,PD-167,AL,DO,,PEE DEE,1
BIG SWP AT S-21-360 1.1 MI W OF PAMPLICO,PD-168,REC,FC,03040202130,PEE DEE,2
N BR WILDCAT CK AT S-29-39 1 MI S OF TRADESVILLE,PD-179,REC,FC,03040202030,PEE DEE,3
BLACK RVR AT US 76 1.5 MI NE OF MAYESVILLE,PD-186,REC,FC,03040205010,PEE DEE,2
SMITH SWP AT US 501 1.9 MI SSE OF MARION,PD-187,REC,FC,03040201150,PEE DEE,3
,PD-187,AL,DO,,PEE DEE,1
,PD-187,AL,CU,,PEE DEE,1
LITTLE FORK CK AT S-13-265 1.5 MI SW JEFFERSON,PD-215,AL,BIO,03040202050,PEE DEE,2
NEWMAN SWP AT S-16-449 0.9 MI NE OF LAMAR,PD-229,REC,FC,03040202100,PEE DEE,2
MIDDLE SWP AT SC 51 3.5 MI SSE OF FLORENCE,PD-230,REC,FC,03040201130,PEE DEE,2
,PD-239,AL,PH,,PEE DEE,1
,PD-239,AL,DO,,PEE DEE,1
THOMPSON CK AT S-13-243 0.8 MI NE OF CHESTERFIELD,PD-246,REC,FC,03040201062,PEE DEE,2
,PD-258,REC,FC,,PEE DEE,1
,PD-258,AL,PH,,PEE DEE,1
,PD-258,AL,DO,,PEE DEE,1
"PRESTWOOD LK OFF SONOVISTA CLUB DOCK, HARTSVILLE",PD-268,REC,FC,03040201110,PEE DEE,2
LYNCHES RIVER AT SC 403,PD-319,AL,CU,03040202090,PEE DEE,2
SMITH SWP AT S-34-19 1 MI E OF MARION,PD-320,REC,FC,03040201150,PEE DEE,3
HANGING ROCK CK OFF S-29-84 1.6 MI S OF KERSHAW,PD-328,REC,FC,03040202070,PEE DEE,3
HANGING ROCK CK TRIB AT S-29-13 ,PD-329,REC,FC,03040202070,PEE DEE,2
BLACK CK AT HWY 15 BYPASS,PD-330,REC,FC,03040201110,PEE DEE,2
HILLS CREEK AT S-13-105,PD-333,REC,FC,03040202020,PEE DEE,3
,PD-334,AL,CU,,PEE DEE,1
,PD-334,AL,BIO,,PEE DEE,1
,PD-334,AL,PH,,PEE DEE,1
,PD-334,AL,ZN,,PEE DEE,1
HORTON CREEK AT S-29-95,PD-335,REC,FC,03040202070,PEE DEE,3
,PD-337,AL,CR,,PEE DEE,1
,PD-337,AL,CU,,PEE DEE,1
FLAT CREEK AT S-29-123,PD-342,REC,FC,03040202040,PEE DEE,2
LITTLE LYNCHES RIVER AT S-28-42,PD-343,REC,FC,03040202070,PEE DEE,3
SCAPE ORE SWAMP AT S-31-108,PD-355,REC,FC,03040205030,PEE DEE,2
SKIPPER CK AT SC 145,PD-613,AL,BIO,03040201100,PEE DEE,2
BRIAR BRANCH AT S-43-459,PD-617,AL,BIO,03040205090,PEE DEE,2
OX SWAMP AT US 521,PD-629,AL,BIO,03040205140,PEE DEE,2
WILLOW CK AT SC 327,PD-630,AL,BIO,03040201130,PEE DEE,2
CYPRESS BRANCH AT S-21-164,PD-631,AL,BIO,03040202130,PEE DEE,2
BEAVER DAM CK AT S-31-313,PD-636,AL,BIO,03040205030,PEE DEE,2
BEAR SWAMP AT S-26-110,PD-638,AL,BIO,03040206140,PEE DEE,2
JEFFERIES CK AT S-16-13,PD-639,AL,BIO,03040201130,PEE DEE,2
N SALUDA RVR AT BRDG AB JCT WITH SALUDA RVR E OF SC 186,S-004,REC,FC,03050109010,SALUDA,3
"GEORGES CK BRANCH AT S-39-192, 2.6 MI NE EASLEY",S-005,REC,FC,03050109050,SALUDA,3
,S-018,REC,FC,,SALUDA,1
,S-018,AL,CR,,SALUDA,1
,S-022,AL,PH,,SALUDA,1
,S-022,AL,TP,,SALUDA,1
LITTLE RVR AT US 76 BUS IN LAURENS ,S-034,REC,FC,03050109160,SALUDA,2
LITTLE RVR AT SC 560,S-038,REC,FC,03050109160,SALUDA,2
BUSH RIVER AT SC 560 S OF JOANNA,S-042,REC,FC,03050109150,SALUDA,2
SCOTT CK AT SC 34 SW OF NEWBERRY,S-044,REC,FC,03050109150,SALUDA,2
BUSH RIVER AT S.C. ROUTE 34,S-046,REC,FC,03050109150,SALUDA,2
"GEORGES CK AT US 123A, EASLEY",S-063,REC,FC,03050109050,SALUDA,3
BRUSHY CK ON GREEN ST EXT ON SC 20,S-067,REC,FC,03050109100,SALUDA,2
REEDY RVR ON HWY 418 AT FORK SHOALS,S-072,REC,FC,03050109100,SALUDA,2
REEDY RVR AT UN# RD OFF US 276 .75 MI W TRAVELERS REST,S-073,REC,FC,03050109100,SALUDA,2
BIG BRUSHY CK AT S-04-52 8.3 MI N WILLIAMSTON,S-084,REC,FC,03050109060,SALUDA,3
SOUTH SALUDA RIVER AT S-23-101,S-087,REC,FC,03050109020,SALUDA,2
ROCKY CK AT S-23-453 3.5 MI SW OF SIMPSONVILLE,S-091,REC,FC,03050109100,SALUDA,2
CORONACA CK AT S-24-100,S-092,AL,DO,03050109140,SALUDA,2
NINETY SIX CK AT SC 702 5.2 MI ESE OF 96,S-093,REC,FC,03050109140,SALUDA,3
RABON CK AT S-30-54 8.8 MI NW CROSS HILL,S-096,REC,FC,03050109130,SALUDA,2
LITTLE RVR AT S-36-22 8.3 MI NW SILVERSTREET,S-099,REC,FC,03050109163,SALUDA,2
LITTLE SALUDA RVR AT S-41-39 5.2 MI NE SALUDA,S-123,REC,FC,03050109170,SALUDA,2
SALUDA RVR AT US 25 BYPASS 1.5 MI ESE WARE SHOALS,S-125,AL,PEST,03050109080,SALUDA,2
NORTH CK AT JCT WITH US 76 2.8 MI W OF CLINTON,S-135,REC,FC,03050109160,SALUDA,2
SALUDA RVR AT MEPCO ELECT. PLANT WATER INTAKE SSE IRMO,S-149,AL,DO,03050109210,SALUDA,2
LORICK BR AT PT UPSTRM OF JCT WITH SALUDA RVR,S-150,REC,FC,03050109210,SALUDA,3
SALUDA RVR JUST BELOW LK MURRAY DAM,S-152,AL,DO,03050109210,SALUDA,2
MILL CK TRIB ON DURHAM ST,S-161,AL,CR,03050109040,SALUDA,3
MILL CK TRIB ON DURHAM ST ,S-161,AL,DO,03050109040,SALUDA,2
GROVE CK AT UN# RD BELOW J P STEVENS ESTES PLANT,S-171,REC,FC,03050109040,SALUDA,3
HUFF CK AT SC 418 1.6 MI NW FORK SHOALS,S-178,REC,FC,03050109110,SALUDA,3
WILSON CK AT S-24-124,S-235,REC,FC,03050109140,SALUDA,2
SALUDA RVR AT FARRS BRDG ON SC 183 7 MI NE EASLEY,S-250,REC,FC,03050109040,SALUDA,2
MIDDLE SALUDA RVR AT SC 288 2.3 MI WSW SLATER,S-252,REC,FC,03050109020,SALUDA,2
KINLEY CK AT S-32-36 (ST. ANDREWS RD) IN IRMO,S-260,REC,FC,03050109210,SALUDA,3
LANGSTON CK AT SC 253,S-264,AL,CR,03050109100,SALUDA,2
LANGSTON CK AT SC 253,S-264,REC,FC,03050109100,SALUDA,3
SALUDA RVR TRIB ON S-23-53,S-267,REC,FC,03050109040,SALUDA,2
LK MURRAY @ MARKER 63,S-279,AL,TP,03050109190,SALUDA,2
RAWLS CREEK AT S-32-107,S-287,REC,FC,03050109210,SALUDA,2
BROAD MOUTH CK AT S-04-267 ,S-289,REC,FC,03050109090,SALUDA,2
CAMPING CK S-36-202 ,S-290,REC,FC,03050109190,SALUDA,2
TWELVEMILE CREEK AT U.S. ROUTE 378,S-294,REC,FC,03050109210,SALUDA,3
"SALUDA RVR AT USGS GAGING STATION, 1/2 MI BELOW I-20",S-298,REC,FC,03050109210,SALUDA,3
GEORGES CK AT S-39-28,S-300,REC,FC,03050109050,SALUDA,3
HOLLOW CK AT S-32-54,S-306,REC,FC,03050109200,SALUDA,2
,S-308,AL,TP,,SALUDA,1
,S-308,AL,PH,,SALUDA,1
,S-309,AL,TP,,SALUDA,1
,S-309,AL,PH,,SALUDA,1
,S-311,AL,TP,,SALUDA,1
,S-311,AL,PH,,SALUDA,1
,S-315,REC,FC,,SALUDA,1
,S-315,AL,ZN,,SALUDA,1
"MILL CK AT BENT BRIDGE RD, BL CAROLINA PLATING",S-315,AL,CR,03050109040,SALUDA,3
"REEDY RVR AT RIVERS ST, DOWNTOWN GREENVILLE",S-319,REC,FC,03050109100,SALUDA,2
TRIB TO BROAD MOUTH CREEK AT S-04-205,S-776,AL,BIO,03050109090,SALUDA,2
REEDY RVR AT S-23-68,S-778,AL,BIO,03050109120,SALUDA,2
HALFWAY SWAMP CK AT SC 33,SC-007,REC,FC,03050111020,SANTEE,2
SPRING GROVE CK AT S-14-26,SC-009,REC,FC,03050111010,SANTEE,2
BIG POPLAR CK AT S-38-105,SC-011,AL,DO,03050111010,SANTEE,2
"LK MARION, MIDSTREAM OF TAWCAW EMBAYMENT",SC-017,AL,TP,03050111040,SANTEE,2
"LK MARION, MIDSTREAM OF WYBOO CK EMBAYMENT",SC-023,AL,TP,03050111050,SANTEE,2
LK MOULTRIE TRIB 10.4 MI UPSTREAM OF SC 6,SC-026,REC,FC,03050201010,SANTEE,2
,SC-034,REC,FC,,SANTEE,1
,SC-034,AL,PH,,SANTEE,1
,SC-034,AL,DO,,SANTEE,1
LK MOULTRIE TRIB AT CROSS GENERATION STATION,SC-043,REC,FC,03050201010,SANTEE,2
STREAM FROM NEW SED POND AT GSX,SC-056,AL,PH,03050111010,SANTEE,2
WALKER SW AT US 52 2.5 MI S ST STEPHENS,ST-007,REC,FC,03050201020,SANTEE,3
TAWCAW CK AT S-14-127 3.2 MI S OF SUMMERTON,ST-018,REC,FC,03050111040,SANTEE,2
LK MARION AT END OF S-14-64 AT CAMP BOB COOPER,ST-024,AL,ZN,03050111050,SANTEE,2
GOOSE CK RESERVOIR 100 M US OF DAM,ST-032,AL,DO,03050201070,SANTEE,2
GOOSE CK RESERVOIR AT 2ND POWERLINES US OF BOAT RAMP,ST-033,AL,DO,03050201070,SANTEE,2
CONEROSS CK AT SC 59,SV-004,REC,FC,03060101080,SAVANNAH,2
TWELVE MI CK AT S-39-51 N OF NORRIS,SV-015,REC,FC,03060101070,SAVANNAH,3
EIGHTEEN MI CK AT UNNUMBERED CO RD 2.25 MI SSW OF EASLEY,SV-017,REC,FC,03060101090,SAVANNAH,2
,SV-031,REC,FC,,SAVANNAH,1
,SV-031,AL,CU,,SAVANNAH,1
ROCKY RVR AT S-04-152 ,SV-041,REC,FC,03060103070,SAVANNAH,2
CHEROKEE CK AT S-04-318 4 MI S OF BELTON,SV-043,REC,FC,03060103070,SAVANNAH,2
SAWNEY CK AT CO RD 1.5 MI SE OF CALHOUN FALLS,SV-052,REC,FC,03060103140,SAVANNAH,3
BLUE HILL CK ON S MAIN ST ABBEVILLE,SV-053B,REC,FC,03060103150,SAVANNAH,2
DOUBLE BRANCH AT S-01-33,SV-054,AL,BIO,03060103150,SAVANNAH,2
SAND RVR AT OLD US 1 1.2 MI SE WARRENVILLE,SV-069,REC,FC,03060106050,SAVANNAH,2
HORSE CK AT S-02-145,SV-072,REC,FC,03060106050,SAVANNAH,2
,SV-096,REC,FC,,SAVANNAH,1
,SV-096,AL,CU,,SAVANNAH,1
BIG GENEROSTEE CK AT SC 187,SV-101,AL,BIO,03060103030,SAVANNAH,2
CHOESTOEA CREEK AT S-37-49,SV-108,REC,FC,03060102130,SAVANNAH,2
THREE & TWENTY CREEK AT S-04-280,SV-111,REC,FC,03060101100,SAVANNAH,3
SAVANNAH RVR AT US 301 12.5 MI SW ALLENDALE,SV-118,AL,ZN,03060106140,SAVANNAH,2
UNNAMED CK ON MAW BRDG RD,SV-136,REC,FC,03060101070,SAVANNAH,2
TWELVE MILE CK AT S-39-337,SV-137,REC,FC,03060101070,SAVANNAH,3
CUPBOARD CK AT S-04-733 AB BREAZEALE ST PLANT & BL BLAIR HIL,SV-139,REC,FC,03060103070,SAVANNAH,3
CUPBOARD CK AT S-04-209 BL EFF FROM BELTON 2 PLANT,SV-140,REC,FC,03060103070,SAVANNAH,3
,SV-141,AL,BIO,,SAVANNAH,1
,SV-141,REC,FC,,SAVANNAH,1
,SV-151,AL,CU,,SAVANNAH,1
HARD LABOR CREEK AT S-24-164 BRIDGE,SV-151,REC,FC,03060107010,SAVANNAH,3
,SV-151,AL,BIO,,SAVANNAH,1
LITTLE RIVER AT S-01-24,SV-164,REC,FC,03060103140,SAVANNAH,2
SIX & TWENTY CK AT S-04-29 8.2 MI SE OF PENDLETON,SV-181,REC,FC,03060101040,SAVANNAH,2
WILSON CREEK AT SC 413,SV-185,AL,BIO,03060103080,SAVANNAH,2
SAVANNAH RVR AT US 17 8.9 MI SSW OF HARDEEVILLE,SV-191,REC,FC,03060109060,SAVANNAH,3
SIX MILE CREEK AT S-39-160,SV-205,REC,FC,03060101040,SAVANNAH,2
N FORK 12 MI CK AT US 178 2.9 MI N OF PICKENS,SV-206,REC,FC,03060101060,SAVANNAH,2
BIG EASTATOE CREEK AT S-39-143,SV-230,AL,ZN,03060101030,SAVANNAH,2
GOLDEN CK AT S-37-222 1.2 MI NW OF LIBERTY,SV-239,REC,FC,03060101070,SAVANNAH,3
WOODSIDE BR AT US 123 1.5 MI E OF LIBERTY,SV-241,REC,FC,03060101090,SAVANNAH,2
SAVANNAH RVR AT SC 28 1.6 MI NNW OF BEACH ISLAND,SV-252,REC,FC,03060106060,SAVANNAH,2
"LK HARTWELL, SENECA R ARM AT BUOY B/W MKRS S-28A & S-29",SV-288,AL,CU,03060101040,SAVANNAH,2
NORRIS CK AT S-37-435 1 MI S OF WESTMINSTER,SV-301,REC,FC,03060102130,SAVANNAH,2
LK KEOWEE AT SC 188 - CANE CK ARM 3.5 MI NW SENECA,SV-311,AL,ZN,03060101050,SAVANNAH,2
BIG GENEROSTEE CK AT CO RD 104,SV-316,REC,FC,03060103030,SAVANNAH,3
CONEROSS CK AT S-37-54 (LAKE HARTWELL),SV-322,REC,FC,03060101080,SAVANNAH,2
TIMS BR AT SRP ROAD C,SV-324,REC,FC,03060106100,SAVANNAH,2
UPPER THREE RUNS CK AT SRP ROAD A,SV-325,REC,FC,03060106100,SAVANNAH,2
LOWER THREE RUNS CK AT S-06-20 7.5 MI SW BARNWELL,SV-328,AL,CU,03060106130,SAVANNAH,2
HORSE CK AT ASCAUGA LAKE RD (S-02-33) IN GRANITEVILLE,SV-329,AL,CU,03060106050,SAVANNAH,2
"LK SECESSION, 1 1/4 MI BELOW SC ROUTE 28",SV-331,AL,TP,03060103070,SAVANNAH,2
CONEROSS CK AT S-37-13,SV-333,REC,FC,03060101080,SAVANNAH,2
,SV-335,AL,ZN,,SAVANNAH,1
,SV-335,AL,CU,,SAVANNAH,1
LK JOCASSEE AT CON OF THOMPSON AND WHITEWATER RVRS,SV-336,AL,CU,03060101020,SAVANNAH,2
LK KEOWEE ABOVE SC ROUTE 130 AND DAM,SV-338,AL,CU,03060101030,SAVANNAH,2
"LK HARTWELL, SENECA R ARM AT BUOY B/W S-14 AND S-15",SV-339,AL,CU,03060101040,SAVANNAH,2
"LK HARTWELL, MAIN BODY AT BUOY BTWN MRKRS 11 & 12",SV-340,AL,CU,03060103020,SAVANNAH,2
LITTLE EASTATOE CREEK AT S-39-49,SV-341,REC,FC,03060101030,SAVANNAH,2
CANE CREEK AT S-37-133,SV-342,REC,FC,03060101050,SAVANNAH,2
LITTLE CANE CREEK AT S-37-133,SV-343,REC,FC,03060101050,SAVANNAH,2
,SV-345,AL,BIO,,SAVANNAH,1
,SV-345,REC,FC,,SAVANNAH,1
LONG CANE CREEK AT S-01-159,SV-349,REC,FC,03060103150,SAVANNAH,2
CUFFYTOWN CREEK AT S-33-138,SV-351,REC,FC,03060107010,SAVANNAH,2
BEAVERDAM CREEK AT FOREST SERVICE ROAD 621 OFF S-19-68,SV-353,REC,FC,03060107030,SAVANNAH,2
CYPRESS CREEK AT S-27-119,SV-356,AL,DO,03060109050,SAVANNAH,2
ROCKY RIVER AT SC 413,SV-650,AL,BIO,03060103070,SAVANNAH,2
ROCKY CREEK AT S-33-87,SV-730,AL,BIO,03060107010,SAVANNAH,2
JOHNS CREEK AT S-01-159,SV-734,AL,BIO,03060103150,SAVANNAH,2
THREE & TWENTY CREEK AT S-04-29,SV-735,AL,BIO,03060101100,SAVANNAH,2
GOLDEN CK AT GOLDEN CK RD,SV-738,AL,BIO,03060101070,SAVANNAH,2